Argument,f(a),g(a)
A,0.6751565927256069,0.4030112976006579
B,0.6751565927256069,0.4030112976006579
C,1.0,0.0
